日期,開盤(元),最高(元),最低(元),收盤(元),成交量(張),外資買賣超(張),投信買賣超(張),自營商買賣超(張),法人合計(張),融資餘額(張),融券餘額(張),融資買進(張),融券賣出(張),MA5(元),MA10(元),MA20(元),MA60(元),Vol_MA5(張),Vol_MA20(張),MACD(元),MACD_Signal(元),MACD_Hist(元),K值(%),D值(%),RSI14(%),BB_Upper(元),BB_Mid(元),BB_Lower(元),BB_%B(%),BIAS5(%),BIAS20(%),量比(倍),訊號
2025-04-30,228.59,231.94,227.16,227.64,14727,-3160.0,320.0,136.0,-2704.0,19395,1094,408,75,,,,,,,,,,,,,,,,,,,,
2025-05-02,233.37,239.57,232.89,239.57,30816,13980.0,965.0,251.0,15196.0,18352,1359,588,323,,,,,,,,,,,,100.0,,,,,,,,RSI超買 | 法人強勢買超 | 外投同步買進
2025-05-05,239.57,240.05,233.84,235.28,23725,3405.0,1205.0,-157.0,4453.0,17922,1214,417,80,,,,,,,,,,,,97.31,,,,,,,,RSI超買 | 外投同步買進
2025-05-06,234.8,243.39,233.84,242.43,21424,7314.0,874.0,-437.0,7751.0,18162,1342,935,194,,,,,,,,,,,,97.43,,,,,,,,RSI超買 | 法人強勢買超 | 外投同步買進
2025-05-07,243.39,245.3,238.14,242.43,19075,3810.0,317.0,205.0,4332.0,17690,1360,469,70,237.47,,,,21953,,,,,,,97.43,,,,,2.09,,0.87,RSI超買 | 外投同步買進
2025-05-08,244.34,244.34,239.57,240.05,16552,-3242.0,63.0,116.0,-3063.0,18102,1347,814,44,239.95,,,,22318,,,,,,,95.73,,,,,0.04,,0.74,RSI超買
2025-05-09,241.48,245.3,238.62,244.82,22380,2757.0,187.0,52.0,2996.0,19714,1371,2646,96,241.0,,,,20631,,,,,,,95.88,,,,,1.59,,1.08,RSI超買 | 外投同步買進
2025-05-12,248.16,250.55,244.34,246.73,19756,1593.0,45.0,133.0,1771.0,20762,1628,2697,328,243.29,,,,19837,,,,,,,95.95,,,,,1.41,,1.0,RSI超買 | 外投同步買進
2025-05-13,253.89,255.8,249.12,250.07,31893,2204.0,49.0,880.0,3133.0,20436,1820,3099,265,244.82,,,,21931,,,,,,,96.06,,,,,2.14,,1.45,RSI超買 | 外投同步買進
2025-05-14,255.8,264.39,254.84,263.91,48482,18012.0,726.0,1395.0,20133.0,22081,2392,4886,740,249.12,243.29,,,27813,,,,,,,96.5,,,,,5.94,,1.74,RSI超買 | 法人強勢買超 | 外投同步買進
2025-05-15,263.91,265.82,262.0,264.86,35161,8931.0,954.0,-402.0,9483.0,19507,2474,1314,121,254.08,247.02,,,31534,,,,,91.82,,96.53,,,,,4.24,,1.12,RSI超買 | 法人強勢買超 | 外投同步買進
2025-05-16,264.39,265.34,261.52,262.48,16611,472.0,1436.0,-36.0,1872.0,18873,2425,915,54,257.61,249.31,,,30381,,,,,95.01,,94.44,,,,,1.89,,0.55,RSI超買 | 外投同步買進
2025-05-19,260.57,261.52,253.89,253.89,16552,673.0,813.0,-425.0,1061.0,18034,2247,907,150,259.04,251.17,,,29740,,,,,81.15,89.33,87.11,,,,,-1.99,,0.56,KD死叉 | KD超買 | RSI超買 | 外投同步買進
2025-05-20,257.71,260.09,254.37,254.37,11020,-1213.0,348.0,12.0,-853.0,18484,2265,703,57,259.9,252.36,,,25565,,,,,68.12,81.43,87.17,,,,,-2.13,,0.43,KD死叉 | RSI超買
2025-05-21,255.8,260.09,254.84,259.61,14665,2352.0,517.0,54.0,2923.0,18051,2266,354,118,259.04,254.08,,,18802,,,,,63.99,71.09,87.83,,,,,0.22,,0.78,KD死叉 | RSI超買 | 外投同步買進
2025-05-22,255.8,256.75,254.37,255.32,10480,-3736.0,671.0,-95.0,-3160.0,18427,2198,586,29,257.13,255.61,,,13866,,,,,62.06,64.73,83.99,,,,,-0.7,,0.76,KD死叉 | RSI超買
2025-05-23,256.75,257.23,251.02,251.98,10262,-1073.0,-339.0,-462.0,-1874.0,18004,2144,477,27,255.03,256.32,,,12596,,,,,48.47,58.18,81.02,,,,,-1.2,,0.81,KD死叉 | RSI超買 | 外投同步拋售
2025-05-26,251.98,256.27,251.5,253.41,8825,2916.0,-66.0,-518.0,2332.0,17726,2139,340,85,254.94,256.99,,,11050,,,,,28.13,46.22,81.33,,,,,-0.6,,0.8,KD死叉 | RSI超買
2025-05-27,253.89,257.71,252.93,253.89,8954,533.0,20.0,-513.0,40.0,17786,2129,277,34,254.84,257.37,,,10637,,,,,17.56,31.39,81.43,,,,,-0.37,,0.84,KD超賣 | RSI超買 | 外投同步買進
2025-05-28,257.71,259.61,255.8,256.75,16103,4630.0,-315.0,4.0,4319.0,16725,2181,334,83,254.27,256.66,249.97,,10925,19873,,,,25.18,23.62,82.1,269.86,249.97,230.09,0.6704,0.98,2.71,1.47,KD金叉 | RSI超買
2025-05-29,260.57,263.43,259.14,259.14,26895,1125.0,395.0,450.0,1970.0,18317,2217,2891,110,255.03,256.08,251.55,,14208,20482,,,,41.61,28.12,82.65,268.8,251.55,234.3,0.72,1.61,3.02,1.89,KD金叉 | RSI超買 | 外投同步買進
2025-06-02,257.71,259.14,256.75,258.66,19058,375.0,718.0,-431.0,662.0,17590,2126,252,47,256.37,255.7,252.5,,15967,19894,,,,55.67,40.82,82.1,269.06,252.5,235.95,0.6859,0.89,2.44,1.19,KD金叉 | RSI超買 | 外投同步買進
2025-06-03,261.05,263.43,260.09,262.48,17896,2275.0,1562.0,194.0,4031.0,16997,2217,216,118,258.18,256.56,253.86,,17781,19602,,,,73.11,56.8,83.07,268.86,253.86,238.87,0.7873,1.67,3.4,1.01,KD金叉 | RSI超買 | 外投同步買進
2025-06-04,267.25,270.11,266.3,267.25,23853,4441.0,-640.0,422.0,4223.0,17454,2244,1638,136,260.86,257.85,255.1,,20761,19724,,,,79.64,69.47,84.22,270.22,255.1,239.99,0.9017,2.45,4.76,1.15,KD金叉 | RSI超買
2025-06-05,270.59,273.45,266.77,268.68,16994,1365.0,693.0,121.0,2179.0,16914,2206,781,37,263.24,258.76,256.42,,20939,19620,,,,85.37,79.37,84.56,271.46,256.42,241.37,0.9076,2.07,4.78,0.81,KD超買 | RSI超買 | 外投同步買進
2025-06-06,267.25,267.25,261.05,263.43,15119,-6700.0,-32.0,-482.0,-7214.0,17402,2388,1391,327,264.1,259.57,257.59,,18584,19548,6.81,,,72.7,79.24,77.95,270.8,257.59,244.38,0.7212,-0.25,2.27,0.81,KD死叉 | RSI超買 | 法人強勢賣超 | 外投同步拋售
2025-06-09,265.34,265.82,262.0,263.43,9390,-1636.0,-359.0,-62.0,-2057.0,17063,2392,384,24,265.05,260.71,258.52,,16650,18898,6.59,,,61.42,73.16,77.95,270.5,258.52,246.53,0.7049,-0.61,1.9,0.56,KD死叉 | RSI超買 | 外投同步拋售
2025-06-10,263.91,270.59,263.91,270.59,18289,6802.0,1.0,287.0,7090.0,15934,2128,852,111,266.68,262.43,259.71,,16729,18825,6.92,,,63.11,65.74,80.37,271.51,259.71,247.91,0.9612,1.47,4.19,1.09,KD死叉 | RSI超買 | 法人強勢買超 | 外投同步買進
2025-06-11,271.07,271.55,268.2,270.11,12966,-1414.0,32.0,-3.0,-1385.0,16126,2068,648,14,267.25,264.05,260.71,,14552,17879,7.05,,,71.66,65.39,79.74,272.46,260.71,248.96,0.8998,1.07,3.61,0.89,KD金叉 | RSI超買
2025-06-12,270.11,273.45,268.2,273.45,15204,5123.0,527.0,313.0,5963.0,15637,2118,342,103,268.2,265.72,261.19,,14194,16215,7.35,,,87.93,74.23,80.87,274.2,261.19,248.18,0.9713,1.96,4.69,1.07,KD超買 | RSI超買 | 法人強勢買超 | 外投同步買進
2025-06-13,270.59,274.41,270.11,274.41,16437,4592.0,225.0,-249.0,4568.0,15257,2154,224,89,270.4,267.25,261.67,,14457,15279,7.57,,,93.33,84.31,81.2,275.89,261.67,247.45,0.9481,1.48,4.87,1.14,KD超買 | RSI超買 | 外投同步買進
2025-06-16,272.98,273.93,271.07,272.98,9016,-767.0,257.0,-50.0,-560.0,15471,2046,409,9,272.31,268.68,262.19,,14382,14899,7.54,,,96.43,92.57,79.04,277.29,262.19,247.1,0.8574,0.25,4.12,0.63,KD超買 | RSI超買
2025-06-17,273.93,274.41,270.11,270.11,15474,-533.0,860.0,171.0,498.0,15642,1945,495,6,272.21,269.44,263.0,,13819,14845,7.21,,,85.7,91.82,74.76,277.96,263.0,248.04,0.7376,-0.77,2.7,1.12,KD死叉 | KD超買 | RSI超買
2025-06-18,269.64,272.5,269.16,270.11,12826,-1653.0,609.0,-42.0,-1086.0,15491,1913,174,23,272.21,269.73,263.79,,13791,14935,6.86,7.1,-0.24,74.98,85.7,74.76,278.49,263.79,249.09,0.715,-0.77,2.4,0.93,MACD空頭 | KD死叉 | RSI超買
2025-06-19,269.16,272.02,266.3,266.3,13665,-3253.0,324.0,922.0,-2007.0,15445,1793,333,30,270.78,269.49,264.12,,13484,14885,6.21,6.92,-0.71,56.76,72.48,69.0,278.73,264.12,249.52,0.5745,-1.65,0.83,1.01,MACD空頭 | KD死叉
2025-06-20,267.73,270.11,266.3,266.77,16036,-3338.0,3104.0,57.0,-177.0,15233,1709,186,28,269.25,269.83,264.7,,13403,15163,5.67,6.67,-1.0,43.23,58.32,69.32,278.73,264.7,250.66,0.5739,-0.92,0.78,1.2,MACD空頭 | KD死叉
2025-06-23,262.48,269.16,260.57,269.16,17281,-5845.0,4255.0,352.0,-1238.0,14913,1461,149,27,268.49,270.4,265.56,,15056,15514,5.37,6.41,-1.04,41.32,47.1,70.93,278.37,265.56,252.75,0.6407,0.25,1.36,1.15,MACD空頭 | KD死叉 | RSI超買
2025-06-24,272.98,278.23,272.98,276.32,26437,707.0,5328.0,458.0,6493.0,14509,8,590,0,269.73,270.97,266.7,,17249,16395,5.64,6.26,-0.62,59.5,48.02,75.14,279.03,266.7,254.38,0.8902,2.44,3.61,1.53,MACD空頭 | KD金叉 | RSI超買 | 法人強勢買超 | 外投同步買進
2025-06-25,277.75,279.66,276.32,279.66,19861,1523.0,4870.0,341.0,6734.0,14386,0,1172,0,271.64,271.93,267.99,,18656,16940,6.06,6.22,-0.16,83.75,61.52,76.83,280.06,267.99,255.92,0.9834,2.95,4.35,1.06,MACD空頭 | KD超買 | RSI超買 | 法人強勢買超 | 外投同步買進
2025-06-26,280.61,282.52,275.36,276.8,24969,-8921.0,4005.0,88.0,-4828.0,14534,0,894,0,273.74,272.26,268.99,,20917,17383,6.09,6.19,-0.1,87.71,76.99,72.31,280.45,268.99,257.54,0.8408,1.12,2.9,1.19,MACD空頭 | KD超買 | RSI超買
2025-06-27,276.8,276.8,272.02,272.5,22018,-2758.0,1046.0,-416.0,-2128.0,14720,0,1176,0,274.89,272.07,269.66,,22113,17139,5.7,6.09,-0.39,76.1,82.52,66.01,280.22,269.66,259.1,0.6345,-0.87,1.05,1.0,MACD空頭 | KD死叉
2025-06-30,275.0,279.0,271.5,274.5,34611,8823.0,-3265.0,-2144.0,3414.0,15377,166,1139,166,275.96,272.22,270.45,,25579,17917,5.49,5.97,-0.48,63.92,75.91,67.43,279.85,270.45,261.05,0.7154,-0.53,1.5,1.35,MACD空頭 | KD死叉
2025-07-01,277.0,283.5,277.0,281.0,30114,11431.0,3566.0,136.0,15133.0,14404,369,649,236,276.89,273.31,271.38,,26315,18528,5.78,5.93,-0.15,68.97,69.66,71.59,281.11,271.38,261.64,0.9942,1.48,3.54,1.14,MACD空頭 | KD死叉 | RSI超買 | 法人強勢買超 | 外投同步買進
2025-07-02,281.0,282.0,279.0,282.0,9206,-349.0,-193.0,-260.0,-802.0,14404,397,306,61,277.36,274.5,272.12,,24184,17796,6.02,5.95,0.07,82.01,71.63,72.17,282.73,272.12,261.5,0.9657,1.67,3.63,0.38,MACD多頭 | KD超買 | RSI超買 | 外投同步拋售
2025-07-03,282.5,283.0,279.0,280.0,10319,-452.0,556.0,-22.0,82.0,14404,410,530,61,278.0,275.87,272.68,,21254,17462,5.98,5.96,0.03,89.1,80.02,69.09,283.72,272.68,261.64,0.8314,0.72,2.68,0.49,MACD多頭 | KD超買
2025-07-04,282.0,284.0,278.0,278.0,10314,1349.0,-794.0,37.0,592.0,14235,412,278,92,279.1,276.99,273.41,,18913,17222,5.73,5.91,-0.19,76.73,82.61,66.06,283.78,273.41,263.04,0.7213,-0.39,1.68,0.55,MACD空頭 | KD死叉
2025-07-07,277.5,279.0,274.0,277.0,6870,2795.0,-667.0,-89.0,2039.0,13591,412,218,101,279.6,277.78,274.09,,13365,17096,5.38,5.8,-0.43,60.25,75.36,64.53,283.44,274.09,264.74,0.6557,-0.93,1.06,0.51,MACD空頭 | KD死叉
2025-07-08,275.5,276.0,272.0,272.0,10303,459.0,-906.0,-84.0,-531.0,13748,514,495,171,277.8,277.35,274.16,,9402,16696,4.65,5.57,-0.93,33.33,56.77,57.39,283.42,274.16,264.9,0.3834,-2.09,-0.79,1.1,MACD空頭 | KD死叉
2025-07-09,273.5,277.0,273.5,276.0,10378,414.0,-915.0,-424.0,-925.0,13859,336,340,44,276.6,276.98,274.45,,9637,16567,4.34,5.33,-0.99,28.0,40.53,61.1,283.54,274.45,265.36,0.5851,-0.22,0.56,1.08,MACD空頭 | KD死叉
2025-07-10,276.0,276.0,272.5,273.0,13467,-1383.0,-2421.0,-1029.0,-4833.0,14054,312,526,19,275.2,276.6,274.43,,10266,16480,3.81,5.02,-1.21,17.33,26.22,57.08,283.53,274.43,265.33,0.4214,-0.8,-0.52,1.31,MACD空頭 | KD超賣 | 外投同步拋售
2025-07-11,272.5,275.5,270.5,273.0,9543,-286.0,-1247.0,-568.0,-2101.0,14156,331,258,51,274.2,276.65,274.36,,10112,16135,3.35,4.69,-1.34,22.17,22.5,57.08,283.48,274.36,265.24,0.4254,-0.44,-0.5,0.94,MACD空頭 | KD死叉 | 外投同步拋售
2025-07-14,271.5,273.5,268.0,269.5,19240,1232.0,1971.0,-5496.0,-2293.0,14471,294,592,59,272.7,276.15,274.19,,12586,16647,2.67,4.29,-1.61,13.3,17.6,52.42,283.55,274.19,264.82,0.2498,-1.17,-1.71,1.53,MACD空頭 | KD超賣 | 外投同步買進
2025-07-15,270.0,273.0,269.0,270.5,16131,3959.0,-658.0,-4977.0,-1676.0,15142,266,849,29,272.4,275.1,274.21,,13752,16679,2.19,3.87,-1.67,14.51,16.66,53.59,283.54,274.21,264.88,0.3014,-0.7,-1.35,1.17,MACD空頭 | KD超賣
2025-07-16,272.0,276.0,271.5,272.5,13659,2504.0,-1478.0,-280.0,746.0,14744,277,465,44,271.7,274.15,274.33,,14408,16721,1.95,3.48,-1.53,17.71,15.17,55.91,283.49,274.33,265.16,0.4005,0.29,-0.67,0.95,MACD空頭 | KD金叉 | KD超賣
2025-07-17,273.5,275.0,270.0,271.0,10102,-5798.0,-482.0,149.0,-6131.0,15140,260,596,13,271.3,273.25,274.56,,13735,16543,1.62,3.11,-1.49,23.67,18.63,53.74,283.08,274.56,266.04,0.2911,-0.11,-1.3,0.74,MACD空頭 | KD金叉 | 法人強勢賣超 | 外投同步拋售
2025-07-18,273.5,276.0,272.5,273.5,12353,-1944.0,101.0,52.0,-1791.0,14802,296,264,42,271.4,272.8,274.9,,14297,16359,1.54,2.8,-1.26,38.84,26.74,56.76,282.62,274.9,267.18,0.4095,0.77,-0.51,0.86,MACD空頭 | KD金叉
2025-07-21,274.5,274.5,271.5,273.5,8095,455.0,-1822.0,180.0,-1187.0,14813,265,236,5,272.2,272.45,275.11,,12068,15900,1.46,2.53,-1.07,49.83,37.45,56.76,282.39,275.11,267.84,0.389,0.48,-0.59,0.67,MACD空頭 | KD金叉
2025-07-22,273.0,274.0,261.5,262.5,28884,-11520.0,-2584.0,-258.0,-14362.0,15253,346,1349,147,270.6,271.5,274.42,,14619,16022,0.51,2.13,-1.62,43.04,43.9,42.57,283.59,274.42,265.25,-0.1502,-2.99,-4.34,1.98,MACD空頭 | KD死叉 | 法人強勢賣超 | 外投同步拋售
2025-07-23,264.0,265.0,262.5,264.5,15442,-4328.0,-2300.0,282.0,-6346.0,15550,564,463,299,269.0,270.35,273.67,,14975,15801,-0.09,1.68,-1.77,29.57,40.81,45.25,283.49,273.67,263.84,0.0338,-1.67,-3.35,1.03,MACD空頭 | KD死叉 | 法人強勢賣超 | 外投同步拋售
2025-07-24,266.0,270.0,265.0,269.0,15476,2128.0,-1411.0,222.0,939.0,15411,496,343,101,268.6,269.95,273.27,264.08,16050,15326,-0.2,1.31,-1.5,26.44,33.01,50.81,283.2,273.28,263.35,0.2846,0.15,-1.56,0.96,MACD空頭 | KD死叉
2025-07-25,270.0,270.5,267.0,268.5,7672,-1186.0,1028.0,-123.0,-281.0,15520,635,289,156,267.6,269.5,273.08,264.76,15114,14609,-0.32,0.98,-1.3,40.23,32.08,50.2,283.22,273.08,262.93,0.2746,0.34,-1.68,0.51,MACD空頭 | KD金叉
2025-07-28,269.0,272.0,269.0,272.0,14070,4331.0,-879.0,205.0,3657.0,15331,534,365,34,267.3,269.75,272.95,265.3,16309,13582,-0.13,0.76,-0.89,57.47,41.38,54.34,283.09,272.95,262.81,0.4531,1.76,-0.35,0.86,MACD空頭 | KD金叉
2025-07-29,271.5,271.5,265.0,267.5,13055,-2491.0,-691.0,-224.0,-3406.0,15326,505,480,35,268.3,269.45,272.27,265.84,13143,12729,-0.34,0.54,-0.88,54.02,50.57,48.74,281.94,272.28,262.61,0.253,-0.3,-1.75,0.99,MACD空頭 | KD金叉 | 外投同步拋售
2025-07-30,269.0,270.0,265.5,270.0,10254,380.0,1233.0,29.0,1642.0,15300,643,167,151,269.4,269.2,271.68,266.3,12105,12781,-0.3,0.37,-0.67,57.47,56.32,51.71,280.22,271.68,263.13,0.402,0.22,-0.62,0.85,MACD空頭 | KD金叉 | 外投同步買進
2025-07-31,271.5,285.0,270.0,281.5,46993,24982.0,-238.0,432.0,25176.0,14163,552,1099,155,271.9,270.25,271.75,266.95,18409,14615,0.65,0.43,0.22,61.7,57.73,62.5,280.63,271.75,262.87,1.0492,3.53,3.59,2.55,MACD多頭 | KD金叉 | 法人強勢買超
2025-08-04,281.5,284.0,279.5,281.0,17019,4771.0,236.0,-219.0,4788.0,13920,579,549,62,274.4,271.0,271.9,267.63,20278,14950,1.35,0.61,0.74,75.57,64.91,61.86,281.31,271.9,262.49,0.9837,2.41,3.35,0.84,MACD多頭 | KD金叉 | 外投同步買進
2025-08-05,284.0,288.0,282.0,288.0,24068,12161.0,17.0,24.0,12202.0,13859,662,1126,109,277.6,272.45,272.45,268.35,22278,15810,2.44,0.98,1.46,89.36,75.54,67.01,284.12,272.45,260.78,1.166,3.75,5.71,1.08,MACD多頭 | KD超買 | 法人強勢買超 | 外投同步買進
2025-08-06,287.0,289.0,285.5,288.5,15743,4541.0,-24.0,-2.0,4515.0,13286,767,304,110,281.8,275.05,273.27,269.05,22815,16082,3.3,1.44,1.86,93.63,86.19,67.35,286.97,273.27,259.58,1.0557,2.38,5.57,0.69,MACD多頭 | KD超買
2025-08-07,288.5,294.0,288.0,289.0,20512,5724.0,-1119.0,-0.0,4605.0,13602,805,839,62,285.6,277.5,273.92,269.7,24867,16589,3.98,1.95,2.03,93.56,92.18,67.7,289.3,273.92,258.55,0.9903,1.19,5.51,0.82,MACD多頭 | KD超買
2025-08-08,290.5,293.5,289.0,290.5,16215,7259.0,-2179.0,-13.0,5067.0,13482,850,452,67,287.4,279.65,274.8,270.14,18711,16726,4.59,2.48,2.11,89.54,92.24,68.81,291.85,274.8,257.75,0.9604,1.08,5.71,0.87,MACD多頭 | KD死叉 | KD超買 | 法人強勢買超
2025-08-11,288.5,290.5,283.5,290.0,17127,2320.0,-1894.0,357.0,783.0,13370,837,725,212,289.2,281.8,275.65,270.56,18733,17106,4.98,2.98,2.0,85.63,89.58,67.97,293.97,275.65,257.33,0.8916,0.28,5.21,0.91,MACD多頭 | KD死叉 | KD超買
2025-08-12,291.5,291.5,282.0,283.0,22338,-8902.0,-3353.0,103.0,-12152.0,14865,682,1754,98,288.2,282.9,276.32,270.9,18387,17260,4.66,3.31,1.35,78.51,84.56,57.47,294.69,276.32,257.96,0.6818,-1.8,2.42,1.21,MACD多頭 | KD死叉 | 法人強勢賣超 | 外投同步拋售
2025-08-13,284.0,285.0,271.0,271.5,63729,-26271.0,-4122.0,537.0,-29856.0,16963,463,2812,38,284.8,283.3,276.38,271.19,27984,19640,3.44,3.34,0.1,51.29,71.81,45.14,294.68,276.38,258.07,0.3668,-4.67,-1.77,2.28,MACD多頭 | KD死叉 | 法人強勢賣超 | 外投同步拋售
2025-08-14,272.0,274.0,268.5,270.5,21814,-7172.0,-1849.0,265.0,-8756.0,17161,517,707,85,281.1,283.35,276.27,271.46,28245,20048,2.37,3.15,-0.78,25.17,51.66,44.25,294.69,276.27,257.86,0.3432,-3.77,-2.09,0.77,MACD空頭 | KD死叉 | 法人強勢賣超 | 外投同步拋售
2025-08-15,272.0,273.5,267.5,270.5,23457,-6175.0,-1962.0,-98.0,-8235.0,17877,476,959,49,277.1,282.25,276.25,271.64,29693,20716,1.5,2.82,-1.31,8.47,28.31,44.25,294.69,276.25,257.81,0.3441,-2.38,-2.08,0.79,MACD空頭 | KD超賣 | 法人強勢賣超 | 外投同步拋售
2025-08-18,270.5,271.5,267.0,269.0,19713,-3258.0,-1587.0,27.0,-4818.0,18119,577,626,130,272.9,281.05,276.02,271.87,30210,21084,0.69,2.39,-1.7,8.86,14.16,42.78,294.72,276.02,257.33,0.3121,-1.43,-2.54,0.65,MACD空頭 | KD超賣 | 外投同步拋售
2025-08-19,267.5,269.0,266.5,268.0,14597,-456.0,-1222.0,19.0,-1659.0,17793,446,319,26,269.9,279.05,275.75,272.14,28662,21409,-0.04,1.91,-1.94,8.06,8.46,41.79,294.76,275.75,256.74,0.2961,-0.7,-2.81,0.51,MACD空頭 | KD超賣 | 外投同步拋售
2025-08-20,266.5,267.0,259.0,259.5,36665,-13056.0,-939.0,-437.0,-14432.0,18278,414,1183,61,267.5,276.15,275.6,272.24,23249,21798,-1.29,1.27,-2.55,4.77,7.23,34.46,295.09,275.6,256.11,0.087,-2.99,-5.84,1.58,MACD空頭 | KD超賣 | 法人強勢賣超 | 外投同步拋售
2025-08-21,262.0,263.0,257.0,259.0,24821,-7163.0,-1739.0,102.0,-8800.0,18677,415,682,46,265.2,273.15,275.32,272.33,23851,22267,-2.29,0.56,-2.84,4.23,5.69,34.08,295.61,275.32,255.04,0.0977,-2.34,-5.93,1.04,MACD空頭 | KD超賣 | 法人強勢賣超 | 外投同步拋售
2025-08-22,258.5,261.5,256.5,258.5,14923,-4092.0,-1883.0,21.0,-5954.0,19133,474,601,78,262.8,269.95,274.8,272.36,22144,22239,-3.09,-0.17,-2.92,4.32,4.44,33.68,296.29,274.8,253.31,0.1207,-1.64,-5.93,0.67,MACD空頭 | KD超賣 | 法人強勢賣超 | 外投同步拋售
2025-08-25,263.0,268.0,260.5,268.0,24296,-2606.0,-1924.0,-20.0,-4550.0,19780,529,1403,92,262.6,267.75,274.77,272.5,23060,23070,-2.92,-0.72,-2.2,17.29,8.61,46.49,296.29,274.77,253.26,0.3426,2.06,-2.46,1.05,MACD空頭 | KD金叉 | KD超賣 | 外投同步拋售
2025-08-26,267.0,267.0,263.0,265.0,21263,-5862.0,-3350.0,-34.0,-9246.0,20595,518,1121,26,262.0,265.95,274.42,272.61,24394,23430,-3.0,-1.18,-1.82,31.55,17.72,43.62,296.36,274.42,252.49,0.2851,1.15,-3.43,0.87,MACD空頭 | KD金叉 | 法人強勢賣超 | 外投同步拋售
2025-08-27,266.5,269.0,265.0,269.0,17279,-134.0,-952.0,30.0,-1056.0,20431,464,429,39,263.9,265.7,274.5,272.72,20516,23641,-2.7,-1.48,-1.22,54.15,34.33,48.21,296.34,274.5,252.66,0.3741,1.93,-2.0,0.84,MACD空頭 | KD金叉 | 外投同步拋售
2025-08-28,268.0,269.0,266.0,266.0,9589,-1755.0,173.0,-56.0,-1638.0,20531,483,424,33,265.3,265.25,274.3,272.7,17470,23608,-2.68,-1.72,-0.96,61.81,49.17,45.24,296.39,274.3,252.21,0.3121,0.26,-3.03,0.55,MACD空頭 | KD金叉
2025-08-29,267.5,268.5,262.5,262.5,12917,-5270.0,-250.0,19.0,-5501.0,20763,504,525,67,266.1,264.45,273.35,272.59,17069,21904,-2.91,-1.96,-0.95,61.62,59.19,41.99,295.76,273.35,250.94,0.258,-1.35,-3.97,0.76,MACD空頭 | KD金叉 | 法人強勢賣超 | 外投同步拋售
2025-09-01,260.5,262.0,255.5,256.0,18655,-8596.0,-568.0,-16.0,-9180.0,21253,707,846,270,263.7,263.15,272.1,272.47,15941,21986,-3.58,-2.28,-1.29,38.35,53.93,36.71,295.49,272.1,248.71,0.1558,-2.92,-5.92,1.17,MACD空頭 | KD死叉 | 法人強勢賣超 | 外投同步拋售
2025-09-02,257.5,260.0,253.0,253.5,15390,-3289.0,69.0,-31.0,-3251.0,21355,719,433,68,261.4,261.7,270.38,272.3,14766,21552,-4.26,-2.68,-1.58,18.28,39.41,34.89,293.91,270.38,246.84,0.1415,-3.02,-6.24,1.04,MACD空頭 | KD超賣
2025-09-03,253.0,255.0,252.5,253.5,14450,-1409.0,-268.0,123.0,-1554.0,21445,736,207,55,258.3,261.1,268.62,272.02,14200,21488,-4.74,-3.09,-1.65,4.3,20.31,34.89,291.69,268.63,245.56,0.1721,-1.86,-5.63,1.02,MACD空頭 | KD超賣 | 外投同步拋售
2025-09-04,256.0,260.0,256.0,257.0,9876,-2267.0,-222.0,112.0,-2377.0,21515,722,297,88,256.5,260.9,267.02,271.8,14258,20956,-4.79,-3.43,-1.36,12.15,11.58,39.73,288.52,267.03,245.53,0.2668,0.19,-3.75,0.69,MACD空頭 | KD金叉 | KD超賣 | 外投同步拋售
2025-09-05,258.5,259.5,256.5,258.5,7490,-1282.0,-304.0,142.0,-1444.0,21508,685,141,33,255.7,260.9,265.42,271.55,13172,20519,-4.65,-3.68,-0.98,23.23,13.23,41.73,284.15,265.43,246.7,0.3151,1.1,-2.61,0.57,MACD空頭 | KD金叉 | 外投同步拋售
2025-09-08,260.0,262.0,259.0,260.0,13298,-1080.0,-734.0,26.0,-1788.0,21658,707,384,46,256.5,260.1,263.92,271.31,12101,20328,-4.37,-3.82,-0.56,36.36,23.92,43.74,278.77,263.93,249.08,0.3678,1.36,-1.49,1.1,MACD空頭 | KD金叉 | 外投同步拋售
2025-09-09,259.0,263.0,256.0,262.5,19631,2431.0,-523.0,104.0,2012.0,21753,703,513,39,258.3,259.85,262.9,271.14,12949,20193,-3.9,-3.83,-0.07,47.47,35.69,47.02,274.72,262.9,251.08,0.4831,1.63,-0.15,1.52,MACD空頭 | KD金叉
2025-09-10,266.5,274.0,266.5,273.0,35669,9471.0,-162.0,99.0,9408.0,21935,745,2186,143,262.2,260.25,262.98,271.19,17193,18790,-2.65,-3.6,0.94,67.14,50.32,58.08,275.04,262.98,250.91,0.9155,4.12,3.81,2.07,MACD多頭 | KD金叉 | 法人強勢買超
2025-09-11,276.0,276.5,269.0,270.0,28440,-5463.0,-747.0,-36.0,-6246.0,22251,775,1254,77,264.8,260.65,262.95,271.18,20906,19121,-1.88,-3.25,1.37,76.29,63.63,54.58,274.95,262.95,250.95,0.7938,1.96,2.68,1.36,MACD多頭 | KD金叉 | 法人強勢賣超 | 外投同步拋售
2025-09-12,273.0,275.0,272.0,274.0,15115,8144.0,-117.0,106.0,8133.0,21596,773,271,33,267.9,261.8,263.12,271.31,22431,18704,-0.94,-2.79,1.85,85.95,76.46,58.2,275.68,263.13,250.57,0.9332,2.28,4.13,0.67,MACD多頭 | KD超買 | 法人強勢買超
2025-09-15,275.0,276.5,272.5,276.0,21451,73.0,790.0,-22.0,841.0,22727,762,1908,23,271.1,263.8,263.48,271.47,24061,18791,-0.03,-2.24,2.21,86.81,83.02,59.92,277.06,263.48,249.89,0.9608,1.81,4.75,0.89,MACD多頭 | KD超買 | 外投同步買進
2025-09-16,276.5,277.0,273.0,273.5,16421,-2180.0,285.0,-10.0,-1905.0,21708,747,420,7,273.3,265.8,263.75,271.54,23419,18882,0.48,-1.69,2.18,90.28,87.68,56.77,277.93,263.75,249.57,0.8437,0.07,3.7,0.7,MACD多頭 | KD超買
2025-09-17,273.5,278.0,273.0,273.0,13008,950.0,-83.0,-109.0,758.0,21772,775,541,35,273.3,267.75,264.42,271.48,18887,17699,0.84,-1.19,2.03,86.17,87.75,56.14,279.04,264.42,249.81,0.7934,-0.11,3.24,0.69,MACD多頭 | KD死叉 | KD超買
2025-09-18,275.0,279.5,273.0,279.5,19917,9555.0,409.0,515.0,10479.0,21786,779,1032,37,275.2,270.0,265.45,271.48,17182,17454,1.63,-0.62,2.25,86.87,87.77,62.07,281.28,265.45,249.62,0.9437,1.56,5.29,1.16,MACD多頭 | KD死叉 | KD超買 | 法人強勢買超 | 外投同步買進
2025-09-19,280.5,285.0,279.5,281.0,26438,5955.0,-353.0,141.0,5743.0,20873,792,780,50,276.6,272.25,266.58,271.55,19447,18030,2.35,-0.03,2.38,87.83,86.96,63.31,283.49,266.58,249.66,0.9264,1.59,5.41,1.36,MACD多頭 | KD超買 | 法人強勢買超
2025-09-22,281.5,283.5,279.5,281.0,13390,3803.0,-13.0,-36.0,3754.0,20331,774,206,13,277.6,274.35,267.23,271.69,17835,17484,2.88,0.55,2.33,88.2,87.63,63.31,285.33,267.23,249.12,0.8805,1.22,5.15,0.75,MACD多頭 | KD超買
2025-09-23,283.0,288.0,283.0,286.5,34172,17534.0,335.0,6.0,17875.0,19775,732,912,26,280.2,276.75,268.3,271.89,21385,18130,3.71,1.18,2.53,85.56,87.2,67.77,288.3,268.3,248.3,0.955,2.25,6.78,1.6,MACD多頭 | KD死叉 | KD超買 | 法人強勢買超 | 外投同步買進
2025-09-24,283.0,284.0,280.0,283.5,29121,-5068.0,257.0,-289.0,-5100.0,19603,718,861,27,282.3,277.8,269.02,271.93,24608,18722,4.08,1.76,2.31,80.79,84.85,63.25,290.15,269.03,247.9,0.8426,0.43,5.38,1.18,MACD多頭 | KD死叉 | KD超買 | 法人強勢賣超
2025-09-25,281.5,288.0,280.0,285.0,21952,2955.0,996.0,379.0,4330.0,18706,739,660,49,283.4,279.3,269.98,271.98,25015,19340,4.44,2.3,2.14,81.54,82.63,64.53,292.21,269.98,247.74,0.8379,0.56,5.56,0.88,MACD多頭 | KD死叉 | KD超買 | 外投同步買進
2025-09-26,287.0,289.0,279.0,285.0,29093,5047.0,288.0,-15.0,5320.0,18058,712,508,48,284.2,280.4,271.1,272.07,25546,20149,4.67,2.77,1.9,75.84,79.39,64.53,294.01,271.1,248.19,0.8034,0.28,5.13,1.14,MACD多頭 | KD死叉 | 法人強勢買超 | 外投同步買進
2025-09-30,288.0,298.0,287.5,290.0,40462,1449.0,1739.0,1028.0,4216.0,20930,739,4285,54,286.0,281.8,272.8,272.27,30960,21239,5.19,3.26,1.94,74.55,77.31,68.72,296.03,272.8,249.57,0.8701,1.4,6.3,1.31,MACD多頭 | KD死叉 | 外投同步買進
2025-10-01,293.0,297.5,285.5,286.5,35534,4745.0,1313.0,601.0,6659.0,18448,775,1583,114,286.0,283.1,274.45,272.42,31232,22246,5.27,3.66,1.61,65.67,72.02,63.1,296.57,274.45,252.33,0.7723,0.17,4.39,1.14,MACD多頭 | KD死叉 | 法人強勢買超 | 外投同步買進
2025-10-02,292.0,295.0,289.5,294.0,30154,10074.0,333.0,930.0,11337.0,18311,816,1327,52,288.1,285.2,276.48,272.79,31439,23032,5.87,4.1,1.77,66.98,69.07,68.96,297.93,276.48,255.02,0.9084,2.05,6.34,0.96,MACD多頭 | KD死叉 | 法人強勢買超 | 外投同步買進
2025-10-03,294.5,300.0,294.0,300.0,39471,16663.0,-188.0,1352.0,17827.0,18052,888,1530,89,291.1,287.25,278.62,273.19,34943,24511,6.74,4.63,2.12,77.65,70.1,72.69,300.48,278.62,256.77,0.9891,3.06,7.67,1.13,MACD多頭 | KD金叉 | RSI超買 | 法人強勢買超
2025-10-07,310.5,314.0,305.0,308.5,40752,7063.0,-355.0,1395.0,8103.0,18022,875,2482,47,295.8,290.0,281.12,273.78,37275,26174,8.03,5.31,2.72,87.74,77.46,76.93,304.66,281.12,257.59,1.0816,4.29,9.74,1.09,MACD多頭 | KD超買 | RSI超買 | 法人強勢買超
2025-10-08,307.0,308.0,303.5,306.0,20532,7076.0,-314.0,1578.0,8340.0,17118,842,798,14,299.0,292.5,283.42,274.33,33289,26536,8.75,6.0,2.76,87.14,84.18,73.32,307.25,283.42,259.6,0.9737,2.34,7.97,0.62,MACD多頭 | KD超買 | RSI超買 | 法人強勢買超
2025-10-09,310.0,311.0,298.0,298.0,37269,4099.0,-960.0,1199.0,4338.0,17477,779,2303,9,301.3,293.65,285.2,274.81,33636,27418,8.58,6.52,2.07,71.9,82.26,63.14,307.72,285.2,262.68,0.7842,-1.1,4.49,1.11,MACD多頭 | KD死叉
2025-10-13,289.5,295.0,287.0,294.5,29776,4305.0,-81.0,222.0,4446.0,16873,752,558,61,301.4,294.75,286.27,275.21,33560,27123,8.07,6.83,1.24,58.57,72.54,59.26,308.39,286.27,264.16,0.686,-2.29,2.87,0.89,MACD多頭 | KD死叉
2025-10-14,299.0,299.0,284.0,284.0,29852,-6628.0,-163.0,356.0,-6435.0,15591,701,1128,32,298.2,294.65,286.98,275.4,31636,27194,6.74,6.81,-0.07,32.86,54.44,49.44,307.77,286.97,266.18,0.4285,-4.76,-1.04,0.94,MACD空頭 | KD死叉 | 法人強勢賣超 | 外投同步拋售
2025-10-15,285.0,288.0,281.5,286.0,15688,-1451.0,-405.0,683.0,-1173.0,15558,691,314,13,293.7,294.75,287.58,275.65,26623,27223,5.77,6.6,-0.83,19.38,36.94,51.1,307.46,287.58,267.69,0.4604,-2.62,-0.55,0.59,MACD空頭 | KD超賣 | 外投同步拋售
2025-10-16,287.5,292.0,286.0,291.5,15512,-980.0,-819.0,344.0,-1455.0,15548,715,549,41,290.8,294.9,288.35,275.95,25619,26926,5.39,6.36,-0.96,14.87,22.37,55.44,307.54,288.35,269.16,0.5821,0.24,1.09,0.61,MACD空頭 | KD超賣 | 外投同步拋售
2025-10-17,289.5,291.5,287.5,288.5,12839,1126.0,-1087.0,-55.0,-16.0,15525,729,287,32,288.9,295.1,289.1,276.2,20733,26747,4.8,6.05,-1.25,22.05,18.77,52.7,306.97,289.1,271.23,0.4832,-0.14,-0.21,0.62,MACD空頭 | KD金叉
2025-10-20,291.0,297.5,290.5,296.5,22366,269.0,-296.0,245.0,218.0,15372,750,618,36,289.3,295.35,290.27,276.77,19251,27214,4.91,5.82,-0.91,32.82,23.25,58.58,306.72,290.28,273.83,0.6893,2.49,2.15,1.16,MACD空頭 | KD金叉
2025-10-21,297.0,297.5,291.0,291.0,16174,-6213.0,-2532.0,932.0,-7813.0,16233,732,1160,9,290.7,294.45,290.85,277.21,16516,27027,4.51,5.56,-1.05,33.3,29.39,53.64,306.49,290.85,275.21,0.5048,0.1,0.05,0.98,MACD空頭 | KD金叉 | 法人強勢賣超 | 外投同步拋售
2025-10-22,289.0,291.5,287.0,289.5,12208,520.0,-1240.0,160.0,-560.0,16345,737,467,24,291.4,292.55,291.27,277.55,15820,26316,4.02,5.25,-1.23,35.16,33.76,52.34,306.24,291.28,276.31,0.4407,-0.65,-0.61,0.77,MACD空頭 | KD金叉
2025-10-23,289.5,303.0,289.5,293.5,33472,9086.0,29.0,213.0,9328.0,16734,738,1553,45,291.8,291.3,291.9,277.97,19412,27320,3.91,4.98,-1.07,38.38,35.61,55.44,306.08,291.9,277.72,0.5564,0.58,0.55,1.72,MACD空頭 | KD金叉 | 法人強勢買超 | 外投同步買進
2025-10-27,303.5,310.0,301.0,309.5,44397,21478.0,3.0,319.0,21800.0,18925,855,4773,140,296.0,292.45,293.05,278.59,25723,27831,5.06,5.0,0.06,60.39,44.64,65.18,309.01,293.05,277.09,1.0155,4.56,5.61,1.73,MACD多頭 | KD金叉 | 法人強勢買超 | 外投同步買進
2025-10-28,308.0,308.5,303.0,304.0,17766,-1310.0,-361.0,127.0,-1544.0,17808,777,1247,10,297.5,293.4,294.08,279.2,24803,27263,5.46,5.09,0.37,77.67,58.81,60.3,310.08,294.08,278.07,0.81,2.18,3.37,0.72,MACD多頭 | KD金叉 | 外投同步拋售
2025-10-29,307.0,309.0,305.0,308.0,13101,-7.0,165.0,24.0,182.0,18351,912,1468,147,300.9,295.8,295.23,279.83,24189,26821,6.03,5.28,0.75,89.62,75.89,62.5,311.78,295.22,278.67,0.8858,2.36,4.33,0.54,MACD多頭 | KD超買
2025-10-30,308.0,310.0,303.0,306.0,20603,3712.0,-345.0,-169.0,3198.0,17514,920,769,26,304.2,297.8,296.27,280.24,25868,26396,6.25,5.47,0.78,84.41,83.9,60.69,312.77,296.27,279.78,0.7949,0.59,3.28,0.8,MACD多頭 | KD超買
2025-10-31,306.0,306.5,300.5,300.5,13316,-2953.0,-483.0,160.0,-3276.0,17711,894,642,4,305.6,298.7,296.8,280.57,21837,25039,5.91,5.56,0.35,77.66,83.89,55.89,313.12,296.8,280.48,0.6134,-1.67,1.25,0.61,MACD多頭 | KD死叉 | 外投同步拋售
2025-11-03,300.0,302.5,296.0,297.5,11626,2042.0,-472.0,-2.0,1568.0,17472,898,448,14,303.2,299.6,297.35,280.73,15282,23844,5.34,5.51,-0.18,62.32,74.79,53.42,312.93,297.35,281.77,0.5048,-1.88,0.05,0.76,MACD空頭 | KD死叉
2025-11-04,297.5,298.5,287.0,287.5,19508,-6572.0,-8.0,28.0,-6552.0,17630,841,953,31,299.9,298.7,297.02,280.71,15631,23311,4.03,5.22,-1.19,35.51,58.49,46.08,313.16,297.02,280.89,0.2048,-4.13,-3.21,1.25,MACD空頭 | KD死叉 | 法人強勢賣超 | 外投同步拋售
2025-11-05,282.0,290.0,280.0,289.5,18775,-1178.0,-295.0,-73.0,-1546.0,17703,720,606,54,296.2,298.55,296.5,280.72,16766,22277,3.12,4.8,-1.68,26.5,41.44,47.63,312.91,296.5,280.09,0.2867,-2.26,-2.36,1.12,MACD空頭 | KD死叉 | 外投同步拋售
2025-11-06,289.5,297.0,287.0,293.0,14778,3083.0,-96.0,-91.0,2896.0,17694,733,406,34,293.6,298.9,295.73,280.76,15601,20978,2.65,4.37,-1.72,25.72,29.24,50.32,311.18,295.73,280.27,0.4119,-0.2,-0.92,0.95,MACD空頭 | KD死叉
2025-11-07,290.0,291.5,286.5,287.0,9630,-628.0,-261.0,-41.0,-930.0,17814,821,416,129,290.9,298.25,294.77,280.71,14863,20433,1.78,3.85,-2.07,32.78,28.33,45.96,309.91,294.78,279.64,0.2431,-1.34,-2.64,0.65,MACD空頭 | KD金叉 | 外投同步拋售
2025-11-10,288.0,291.5,286.0,291.5,9498,2451.0,165.0,12.0,2628.0,17275,848,288,39,289.7,296.45,294.45,280.85,14438,19044,1.43,3.37,-1.94,35.0,31.17,49.49,309.57,294.45,279.33,0.4024,0.62,-1.0,0.66,MACD空頭 | KD金叉 | 外投同步買進
2025-11-11,294.0,297.5,291.0,291.5,11963,1513.0,-6.0,128.0,1635.0,17090,860,326,26,290.5,295.2,294.3,281.18,12929,18154,1.14,2.92,-1.78,33.33,33.7,49.49,309.48,294.3,279.12,0.4078,0.34,-0.95,0.93,MACD空頭 | KD死叉
2025-11-12,288.0,289.5,285.5,288.0,15684,-1193.0,-624.0,-19.0,-1836.0,16081,844,564,35,290.2,293.2,294.5,281.48,12311,17445,0.62,2.46,-1.84,35.62,34.65,46.74,309.2,294.5,279.8,0.279,-0.76,-2.21,1.27,MACD空頭 | KD金叉 | 外投同步拋售
2025-11-13,292.0,293.5,285.0,285.0,24935,-4662.0,-1505.0,2451.0,-3716.0,16517,802,700,8,288.6,291.1,294.45,281.72,14342,17908,-0.03,1.96,-1.99,30.25,33.07,44.45,309.28,294.45,279.62,0.1814,-1.25,-3.21,1.74,MACD空頭 | KD死叉 | 外投同步拋售
2025-11-14,281.0,282.5,278.0,279.5,19614,-3104.0,-2276.0,118.0,-5262.0,17036,818,840,41,287.1,289.0,293.85,281.89,16339,18113,-0.98,1.37,-2.36,19.91,28.59,40.54,310.09,293.85,277.61,0.0582,-2.65,-4.88,1.2,MACD空頭 | KD超賣 | 法人強勢賣超 | 外投同步拋售
2025-11-17,281.0,282.5,275.0,276.0,13277,2853.0,-3795.0,212.0,-730.0,16725,611,285,47,284.0,286.85,293.23,282.02,17095,18135,-1.99,0.7,-2.69,11.33,20.5,38.23,311.2,293.23,275.25,0.0209,-2.82,-5.88,0.78,MACD空頭 | KD超賣
2025-11-18,275.0,278.5,270.0,270.0,18468,-1488.0,-2806.0,-10.0,-4304.0,16378,548,552,27,279.7,285.1,291.9,282.2,18396,17940,-3.24,-0.09,-3.15,3.92,11.72,34.6,312.56,291.9,271.24,-0.0299,-3.47,-7.5,1.0,MACD空頭 | KD超賣 | 外投同步拋售
2025-11-19,271.0,273.5,267.0,267.0,14254,-2202.0,-1246.0,31.0,-3417.0,16457,524,240,23,275.5,282.85,290.7,282.33,18110,17844,-4.42,-0.95,-3.47,1.48,5.58,32.91,314.18,290.7,267.22,-0.0047,-3.09,-8.15,0.79,MACD空頭 | KD超賣 | 外投同步拋售
2025-11-20,275.0,276.5,272.5,274.0,10135,1865.0,-1189.0,-66.0,610.0,16522,596,265,110,273.3,280.95,289.92,282.59,15150,17740,-4.74,-1.71,-3.03,7.65,4.35,40.23,314.57,289.92,265.28,0.1769,0.26,-5.49,0.67,MACD空頭 | KD金叉 | KD超賣
2025-11-21,267.5,272.0,266.5,270.0,13501,-995.0,-737.0,552.0,-1180.0,16360,537,194,39,271.4,279.25,288.75,282.62,13927,16741,-5.25,-2.42,-2.83,11.41,6.85,37.7,314.87,288.75,262.63,0.1411,-0.52,-6.49,0.97,MACD空頭 | KD金叉 | KD超賣 | 外投同步拋售
2025-11-24,272.0,274.0,270.0,272.0,14854,598.0,-814.0,134.0,-82.0,16155,581,94,54,270.6,277.3,286.88,282.74,14242,15264,-5.43,-3.02,-2.41,18.2,12.42,39.74,312.09,286.88,261.66,0.2051,0.52,-5.19,1.04,MACD空頭 | KD金叉 | KD超賣
2025-11-25,278.0,279.5,274.0,275.0,9337,1187.0,-734.0,-16.0,437.0,16056,647,231,77,271.6,275.65,285.42,282.84,12416,14843,-5.28,-3.47,-1.8,21.05,16.89,42.77,309.82,285.42,261.03,0.2863,1.25,-3.65,0.75,MACD空頭 | KD金叉
2025-11-26,278.0,281.0,276.5,279.5,9438,130.0,-17.0,15.0,128.0,15872,613,230,29,274.1,274.8,284.0,283.07,11453,14660,-4.73,-3.73,-1.01,44.37,27.87,47.06,306.06,284.0,261.94,0.398,1.97,-1.58,0.82,MACD空頭 | KD金叉
2025-11-27,279.0,282.0,278.0,281.5,6457,2015.0,-203.0,-11.0,1801.0,15468,627,81,36,275.6,274.45,282.77,283.38,10717,13952,-4.09,-3.8,-0.3,68.83,44.75,48.9,302.26,282.77,263.29,0.4673,2.14,-0.45,0.6,MACD空頭 | KD金叉
2025-11-28,281.0,284.0,276.0,282.0,12623,-2491.0,-83.0,311.0,-2263.0,16698,595,1355,26,278.0,274.7,281.85,283.82,10542,13918,-3.51,-3.74,0.23,87.86,67.02,49.37,299.46,281.85,264.24,0.5043,1.44,0.05,1.2,MACD多頭 | KD超買 | 外投同步拋售
2025-12-01,283.0,288.0,282.0,287.0,16399,5319.0,320.0,268.0,5907.0,16534,591,255,40,281.0,275.8,281.32,284.38,10851,14156,-2.61,-3.51,0.91,92.56,83.08,53.96,297.54,281.32,265.11,0.675,2.14,2.02,1.51,MACD多頭 | KD超買 | 法人強勢買超 | 外投同步買進
2025-12-02,288.0,293.0,287.5,288.5,15582,5376.0,121.0,-157.0,5340.0,16278,563,158,11,283.7,277.65,281.38,284.96,12100,13960,-1.75,-3.16,1.41,88.98,89.8,55.27,297.67,281.38,265.08,0.7186,1.69,2.53,1.29,MACD多頭 | KD死叉 | KD超買 | 法人強勢買超 | 外投同步買進
2025-12-03,287.5,293.0,287.5,292.5,14680,7199.0,1084.0,112.0,8395.0,15721,582,913,23,286.3,280.2,281.52,285.55,13148,13755,-0.75,-2.68,1.93,92.16,91.23,58.64,298.19,281.52,264.86,0.8293,2.17,3.9,1.12,MACD多頭 | KD超買 | 法人強勢買超 | 外投同步買進
2025-12-04,293.0,294.5,292.0,294.5,11435,5393.0,-60.0,101.0,5434.0,15541,604,79,32,288.9,282.25,281.6,286.15,14144,13588,0.21,-2.1,2.31,93.71,91.62,60.26,298.49,281.6,264.71,0.8818,1.94,4.58,0.81,MACD多頭 | KD超買 | 法人強勢買超
2025-12-05,294.5,301.0,294.0,297.5,21889,12665.0,-37.0,70.0,12698.0,14383,647,160,56,292.0,285.0,282.12,286.77,15997,14201,1.2,-1.44,2.64,95.05,93.64,62.62,300.33,282.12,263.92,0.9223,1.88,5.45,1.37,MACD多頭 | KD超買 | 法人強勢買超
2025-12-08,297.5,298.0,295.0,297.5,11023,3669.0,-40.0,137.0,3766.0,13920,613,155,13,294.1,287.55,282.42,287.36,14922,14277,1.96,-0.76,2.72,91.01,93.26,62.62,301.46,282.42,263.39,0.896,1.16,5.34,0.74,MACD多頭 | KD死叉 | KD超買
2025-12-09,299.0,301.5,293.5,296.0,14925,2652.0,-6.0,26.0,2672.0,13710,606,305,17,295.6,289.65,282.65,287.74,14790,14426,2.41,-0.13,2.54,83.82,89.96,60.54,302.23,282.65,263.07,0.8409,0.14,4.72,1.01,MACD多頭 | KD死叉 | KD超買
2025-12-10,297.5,298.5,291.0,292.5,10023,2342.0,172.0,-59.0,2455.0,13707,597,290,29,295.6,290.95,282.88,288.12,13859,14142,2.46,0.39,2.07,76.38,83.74,55.86,302.82,282.88,262.93,0.7413,-1.05,3.4,0.72,MACD多頭 | KD死叉 | 外投同步買進
2025-12-11,295.0,295.0,287.5,288.0,10862,1113.0,-474.0,193.0,832.0,13575,603,324,36,294.3,291.6,283.02,288.35,13744,13439,2.11,0.73,1.38,57.97,72.72,50.47,303.08,283.02,262.97,0.624,-2.14,1.76,0.79,MACD多頭 | KD死叉
2025-12-12,290.0,290.5,285.5,286.5,6162,1174.0,-46.0,255.0,1383.0,13499,587,186,3,292.1,292.05,283.38,288.52,10599,12766,1.69,0.93,0.77,33.91,56.09,48.78,303.41,283.38,263.34,0.578,-1.92,1.1,0.58,MACD多頭 | KD死叉
2025-12-15,282.5,285.5,280.5,285.0,8298,756.0,15.0,209.0,980.0,13595,582,226,29,289.6,291.85,283.82,288.72,10054,12517,1.23,0.99,0.24,19.48,37.12,47.08,303.57,283.83,264.08,0.5298,-1.59,0.42,0.83,MACD多頭 | KD超賣 | 外投同步買進
2025-12-16,282.0,282.5,273.0,273.0,26216,-14500.0,519.0,78.0,-13903.0,14256,542,782,6,285.0,290.3,283.98,288.72,12312,12905,-0.11,0.77,-0.88,9.23,20.87,36.22,303.32,283.98,264.63,0.2163,-4.21,-3.87,2.13,MACD空頭 | KD超賣 | 法人強勢賣超
2025-12-17,269.5,271.0,265.0,265.0,49191,-36039.0,-154.0,148.0,-36045.0,16241,495,2304,76,279.5,287.55,283.88,288.48,20146,14652,-1.79,0.26,-2.05,7.14,11.95,31.07,303.6,283.88,264.15,0.0217,-5.19,-6.65,2.44,MACD空頭 | KD超賣 | 法人強勢賣超 | 外投同步拋售
2025-12-18,265.0,265.5,260.0,260.0,26916,-13879.0,23.0,999.0,-12857.0,17033,446,1213,42,273.9,284.1,283.18,288.12,23357,15491,-3.49,-0.49,-3.0,0.0,5.46,28.36,305.24,283.18,261.11,-0.0253,-5.07,-8.19,1.15,MACD空頭 | KD超賣 | RSI超賣 | 法人強勢賣超
2025-12-19,262.5,265.0,261.5,265.0,21950,-9455.0,698.0,495.0,-8262.0,17071,442,564,30,269.6,280.85,282.92,287.86,26514,15913,-4.38,-1.27,-3.11,4.02,3.72,34.52,305.72,282.92,260.13,0.1067,-1.71,-6.33,0.83,MACD空頭 | KD金叉 | KD超賣 | 法人強勢賣超
2025-12-22,267.5,268.5,265.0,267.0,18882,-9665.0,935.0,936.0,-7794.0,17569,432,969,16,266.0,277.8,282.68,287.53,28631,16114,-4.87,-1.99,-2.88,10.08,4.7,36.85,306.07,282.68,259.28,0.165,0.38,-5.55,0.66,MACD空頭 | KD金叉 | KD超賣 | 法人強勢賣超
2025-12-23,268.0,268.0,263.5,264.5,17223,-6818.0,687.0,518.0,-5613.0,17884,400,628,20,264.3,274.65,282.15,287.22,26832,16509,-5.4,-2.67,-2.73,14.36,9.49,35.16,306.71,282.15,257.59,0.1407,0.08,-6.26,0.64,MACD空頭 | KD金叉 | KD超賣 | 法人強勢賣超
2025-12-24,265.5,267.0,263.5,264.0,14382,-5492.0,478.0,973.0,-4041.0,18064,365,422,2,264.1,271.8,281.38,286.87,19871,16756,-5.79,-3.3,-2.49,14.72,13.05,34.82,307.23,281.38,255.52,0.1641,-0.04,-6.18,0.72,MACD空頭 | KD金叉 | KD超賣
2025-12-26,265.0,265.0,261.0,263.0,15952,-5418.0,-693.0,281.0,-5830.0,18346,353,552,2,264.7,269.3,280.45,286.5,17678,17231,-6.11,-3.86,-2.25,12.58,13.89,34.1,307.58,280.45,253.32,0.1784,-0.64,-6.22,0.9,MACD空頭 | KD超賣 | 法人強勢賣超 | 外投同步拋售
2025-12-29,262.0,265.0,260.5,263.0,14325,-5285.0,98.0,152.0,-5035.0,18189,330,628,8,264.3,266.95,279.5,286.05,16153,17316,-6.29,-4.34,-1.95,12.74,13.34,34.1,307.71,279.5,251.29,0.2076,-0.49,-5.9,0.89,MACD空頭 | KD超賣 | 法人強勢賣超
2025-12-30,263.0,263.0,260.5,263.0,11969,-4199.0,-438.0,200.0,-4437.0,18490,377,493,63,263.5,264.75,278.3,285.66,14770,17094,-6.36,-4.75,-1.61,17.46,14.26,34.1,307.2,278.3,249.4,0.2353,-0.19,-5.5,0.81,MACD空頭 | KD金叉 | KD超賣 | 外投同步拋售
2025-12-31,263.5,272.5,263.5,272.0,23870,1352.0,1259.0,1397.0,4008.0,17850,385,1115,39,265.0,264.65,277.48,285.29,16100,17509,-5.63,-4.92,-0.7,45.54,25.24,46.51,306.09,277.48,248.86,0.4043,2.64,-1.97,1.48,MACD空頭 | KD金叉 | 外投同步買進
2026-01-02,274.0,280.0,270.0,277.0,22740,5402.0,863.0,368.0,6633.0,17130,416,821,47,267.6,265.85,276.7,284.91,17771,17912,-4.59,-4.86,0.27,69.3,44.1,51.92,304.43,276.7,248.97,0.5054,3.51,0.11,1.28,MACD多頭 | KD金叉 | 法人強勢買超 | 外投同步買進
2026-01-05,277.5,280.0,275.0,278.0,25469,-4150.0,190.0,-60.0,-4020.0,16891,402,690,13,270.6,267.65,275.88,284.4,19675,18613,-3.64,-4.61,0.97,90.12,68.32,52.95,302.33,275.88,249.42,0.5402,2.73,0.77,1.29,MACD多頭 | KD超買
2026-01-06,277.0,282.0,273.5,282.0,23581,3481.0,-219.0,942.0,4204.0,17007,396,864,14,274.4,269.35,275.1,284.0,21526,18698,-2.54,-4.2,1.66,91.45,83.62,56.91,299.73,275.1,250.47,0.6401,2.77,2.51,1.1,MACD多頭 | KD超買
2026-01-07,282.0,285.0,280.5,282.0,18766,-920.0,-167.0,156.0,-931.0,16574,400,464,7,278.2,270.85,274.32,283.73,22885,19085,-1.65,-3.69,2.04,92.5,91.36,56.91,296.88,274.33,251.77,0.6702,1.37,2.8,0.82,MACD多頭 | KD超買 | 外投同步拋售
2026-01-08,280.5,281.0,272.0,273.0,23946,-6399.0,-71.0,-230.0,-6700.0,16781,406,701,31,278.4,271.7,273.18,283.38,22900,19536,-1.65,-3.28,1.63,79.59,87.85,46.66,293.29,273.17,253.06,0.4956,-1.94,-0.07,1.05,MACD多頭 | KD死叉 | 法人強勢賣超 | 外投同步拋售
2026-01-09,278.0,287.5,277.0,283.0,49358,23712.0,44.0,-1033.0,22723.0,15594,464,566,85,279.6,273.6,272.7,283.36,28224,21503,-0.83,-2.79,1.96,74.04,82.04,56.12,291.28,272.7,254.12,0.7772,1.22,3.78,1.75,MACD多頭 | KD死叉 | 法人強勢買超 | 外投同步買進
2026-01-12,285.5,286.0,278.0,280.5,20629,-5153.0,-188.0,-156.0,-5497.0,15684,439,574,11,280.1,275.35,272.32,283.27,27256,21991,-0.38,-2.31,1.93,69.48,74.37,53.56,289.88,272.32,254.77,0.7329,0.14,3.0,0.76,MACD多頭 | KD死叉 | 法人強勢賣超 | 外投同步拋售
2026-01-13,284.0,285.0,277.0,279.0,16836,1999.0,411.0,-56.0,2354.0,15447,448,347,21,279.5,276.95,271.95,283.06,25907,22525,-0.14,-1.87,1.73,74.0,72.5,52.03,288.52,271.95,255.38,0.7127,-0.18,2.59,0.65,MACD多頭 | KD金叉 | 外投同步買進
2026-01-14,282.0,287.0,280.0,286.0,27757,10567.0,-284.0,47.0,10330.0,15177,455,583,23,280.3,279.25,272.0,283.02,27705,23498,0.6,-1.38,1.98,76.7,73.39,58.06,288.74,272.0,255.26,0.9181,2.03,5.15,1.0,MACD多頭 | KD金叉 | 法人強勢買超
2026-01-15,285.5,285.5,279.5,283.0,15473,-2682.0,769.0,53.0,-1860.0,15199,463,262,24,282.3,280.35,272.5,282.79,26011,22961,0.94,-0.92,1.86,75.66,75.45,54.87,289.95,272.5,255.05,0.8008,0.25,3.85,0.59,MACD多頭 | KD金叉
2026-01-16,286.0,290.0,285.5,289.5,23531,11798.0,-603.0,6.0,11201.0,14335,555,360,97,283.6,281.6,273.73,282.77,20845,21678,1.71,-0.39,2.1,86.54,79.63,59.99,292.36,273.73,255.09,0.9233,2.08,5.76,1.13,MACD多頭 | KD超買 | 法人強勢買超
2026-01-19,288.5,288.5,281.5,282.0,15903,-5635.0,212.0,-234.0,-5657.0,14554,480,580,6,283.9,282.0,274.82,282.64,19900,21127,1.7,0.03,1.67,74.58,78.93,52.58,292.63,274.83,257.02,0.7015,-0.67,2.61,0.8,MACD多頭 | KD死叉 | 法人強勢賣超
2026-01-20,281.0,282.0,277.0,277.5,13459,-2717.0,-201.0,-233.0,-3151.0,14657,469,412,27,283.6,281.55,275.45,282.38,19225,20703,1.31,0.28,1.03,61.11,74.08,48.7,292.67,275.45,258.23,0.5595,-2.15,0.74,0.7,MACD多頭 | KD死叉 | 外投同步拋售
2026-01-21,275.5,279.5,273.5,275.0,14842,-683.0,-574.0,40.0,-1217.0,14840,447,538,26,281.4,280.85,275.85,281.8,16642,20501,0.79,0.39,0.41,31.73,55.81,46.63,292.61,275.85,259.09,0.4746,-2.27,-0.31,0.89,MACD多頭 | KD死叉 | 外投同步拋售
2026-01-22,279.5,283.0,278.5,283.0,15749,6991.0,-53.0,3.0,6941.0,14406,425,152,22,281.4,281.85,276.77,281.45,16697,20427,1.02,0.51,0.5,32.41,41.75,53.43,292.92,276.77,260.63,0.6927,0.57,2.25,0.94,MACD多頭 | KD死叉 | 法人強勢買超
2026-01-23,284.5,285.5,278.5,280.0,12106,436.0,-427.0,5.0,14.0,14462,452,318,35,279.5,281.55,277.58,280.98,14412,20313,0.94,0.6,0.34,35.35,33.16,50.82,292.61,277.58,262.54,0.5807,0.18,0.87,0.84,MACD多頭 | KD金叉
2026-01-26,283.0,287.0,280.5,287.0,18267,11626.0,-80.0,26.0,11572.0,14774,475,859,47,280.5,282.2,278.77,280.67,14885,20429,1.43,0.76,0.66,59.6,42.45,56.2,292.7,278.78,264.85,0.7954,2.32,2.95,1.23,MACD多頭 | KD金叉 | 法人強勢買超
2026-01-27,287.5,290.0,285.0,287.5,11017,5113.0,-263.0,-29.0,4821.0,14473,470,240,5,282.5,283.05,280.0,280.45,14396,20263,1.83,0.98,0.86,68.69,54.55,56.56,292.29,280.0,267.71,0.805,1.77,2.68,0.77,MACD多頭 | KD金叉
2026-01-28,288.0,292.0,284.5,287.0,14967,2299.0,-533.0,-10.0,1756.0,14526,443,499,10,284.9,283.15,281.2,280.27,14421,20413,2.09,1.2,0.89,79.88,69.39,56.06,290.92,281.2,271.48,0.7982,0.74,2.06,1.04,MACD多頭 | KD金叉
2026-01-29,287.0,288.0,281.5,283.0,10987,751.0,-46.0,1014.0,1719.0,14183,404,190,11,284.9,283.15,281.75,280.2,13469,19769,1.95,1.35,0.6,69.72,72.76,52.06,290.48,281.75,273.02,0.5716,-0.67,0.44,0.82,MACD多頭 | KD死叉
2026-01-30,282.5,283.0,276.5,280.0,16968,2505.0,-175.0,62.0,2392.0,14141,412,311,36,284.9,282.2,281.9,280.04,14441,19481,1.58,1.4,0.18,53.15,67.59,49.23,290.38,281.9,273.42,0.388,-1.72,-0.67,1.17,MACD多頭 | KD死叉
2026-02-02,279.5,279.5,271.5,273.0,16450,-2662.0,229.0,924.0,-1509.0,13915,442,397,80,282.1,281.3,281.65,279.71,14078,19030,0.71,1.26,-0.55,31.27,51.38,43.3,290.88,281.65,272.42,0.0314,-3.23,-3.07,1.17,MACD空頭 | KD死叉
2026-02-03,278.5,281.0,272.0,276.5,13650,3518.0,-3153.0,22.0,387.0,13834,427,186,25,279.9,281.2,281.38,279.53,14604,18533,0.3,1.07,-0.77,22.28,35.57,46.75,290.88,281.38,271.87,0.2436,-1.21,-1.73,0.93,MACD空頭 | KD死叉
2026-02-04,274.5,278.5,272.5,278.0,9611,640.0,-572.0,19.0,87.0,13871,409,182,10,278.1,281.5,281.18,279.31,13533,18075,0.1,0.87,-0.78,21.14,24.9,48.21,290.8,281.18,271.55,0.335,-0.04,-1.13,0.71,MACD空頭 | KD死叉
2026-02-05,275.5,281.5,272.0,273.0,11298,-972.0,-227.0,-104.0,-1303.0,14020,365,390,2,276.1,280.5,281.18,279.0,13595,17443,-0.46,0.61,-1.07,21.14,21.52,43.9,290.8,281.17,271.55,0.0751,-1.12,-2.91,0.83,MACD空頭 | KD死叉 | 外投同步拋售
2026-02-06,273.5,280.0,268.5,279.5,18269,5025.0,643.0,-239.0,5429.0,13604,375,214,38,276.0,280.45,281.0,278.86,13856,15888,-0.38,0.41,-0.79,28.61,23.63,50.14,290.61,281.0,271.39,0.4219,1.27,-0.53,1.32,MACD空頭 | KD金叉 | 法人強勢買超 | 外投同步買進
2026-02-09,284.0,285.0,281.5,284.0,12412,5887.0,-71.0,224.0,6040.0,13299,363,262,9,278.2,280.15,281.18,278.84,13048,15478,0.05,0.34,-0.29,40.03,29.93,53.95,290.87,281.18,271.48,0.6457,2.08,1.0,0.95,MACD空頭 | KD金叉 | 法人強勢買超
2026-02-10,285.0,287.0,282.5,285.0,15107,6701.0,-74.0,71.0,6698.0,13115,361,124,3,279.9,279.9,281.48,278.93,13339,15391,0.47,0.36,0.1,65.79,44.81,54.78,291.26,281.48,271.69,0.6801,1.82,1.25,1.13,MACD多頭 | KD金叉 | 法人強勢買超
2026-02-11,286.0,286.5,281.0,286.0,16235,5351.0,42.0,45.0,5438.0,12895,361,251,4,281.5,279.8,281.48,279.1,14664,14815,0.87,0.46,0.4,81.72,62.51,55.64,291.26,281.47,271.69,0.7312,1.6,1.61,1.11,MACD多頭 | KD超買 | 法人強勢買超 | 外投同步買進
2026-02-23,288.0,288.5,282.5,283.5,20794,2181.0,-248.0,-38.0,1895.0,12977,363,249,7,283.6,279.85,281.5,279.32,16563,15081,0.97,0.57,0.41,84.74,77.42,52.93,291.3,281.5,271.7,0.602,-0.04,0.71,1.26,MACD多頭 | KD超買
2026-02-24,286.5,286.5,282.0,284.0,13328,1832.0,66.0,112.0,2010.0,12970,353,341,9,284.5,280.25,281.23,279.61,15575,14571,1.08,0.67,0.41,82.36,82.94,53.42,290.37,281.22,272.08,0.6517,-0.18,0.98,0.86,MACD多頭 | KD死叉 | KD超買 | 外投同步買進
2026-02-25,285.5,299.0,285.5,297.5,48175,21520.0,-9.0,786.0,22297.0,13795,389,2341,49,287.2,282.7,282.0,280.0,22728,16185,2.23,0.98,1.25,82.53,83.21,64.22,293.69,282.0,270.31,1.1628,3.59,5.5,2.12,MACD多頭 | KD死叉 | KD超買 | 法人強勢買超
2026-02-26,302.0,302.0,290.0,291.5,24333,-2563.0,34.0,-304.0,-2833.0,14269,346,1048,6,288.5,284.2,282.7,280.36,24573,16728,2.63,1.31,1.32,80.41,81.77,57.8,294.92,282.7,270.48,0.86,1.04,3.11,0.99,MACD多頭 | KD死叉 | KD超買
2026-03-02,291.5,302.0,289.0,301.0,43986,27139.0,483.0,389.0,28011.0,13020,474,519,155,291.5,286.5,284.0,280.84,30123,18185,3.67,1.78,1.89,86.92,83.29,63.94,298.15,284.0,269.85,1.1006,3.26,5.99,1.46,MACD多頭 | KD超買 | 法人強勢買超 | 外投同步買進
2026-03-03,302.0,302.0,293.0,294.5,21602,2877.0,204.0,235.0,3316.0,12481,469,432,18,293.7,288.65,284.58,281.17,30285,18478,3.93,2.21,1.71,76.65,81.33,57.75,299.47,284.58,269.68,0.8331,0.27,3.49,0.71,MACD多頭 | KD死叉 | 外投同步買進
2026-03-04,289.0,289.5,281.0,281.0,31456,-9791.0,157.0,-281.0,-9915.0,12796,440,849,33,293.1,288.8,284.62,281.19,33910,19446,3.0,2.37,0.63,53.77,72.45,47.47,299.46,284.63,269.79,0.3779,-4.13,-1.27,0.93,MACD多頭 | KD死叉 | 法人強勢賣超
2026-03-05,288.0,293.0,286.0,289.5,19505,-1630.0,167.0,-20.0,-1483.0,12529,346,178,20,291.5,289.35,284.75,281.32,28176,19508,2.92,2.48,0.44,34.92,55.11,53.13,299.71,284.75,269.79,0.6587,-0.69,1.67,0.69,MACD多頭 | KD死叉
2026-03-06,287.0,289.0,282.5,289.0,12786,-2373.0,-100.0,-3.0,-2476.0,12532,342,188,17,291.0,289.75,284.82,281.44,25867,19596,2.79,2.54,0.25,26.19,38.29,52.77,299.86,284.82,269.79,0.6388,-0.69,1.47,0.49,MACD多頭 | KD死叉 | 外投同步拋售
2026-03-09,272.5,282.0,272.0,282.0,17989,-5045.0,570.0,-173.0,-4648.0,12672,320,388,30,287.2,289.35,284.58,281.36,20668,19747,2.09,2.45,-0.36,37.3,32.8,47.88,299.63,284.58,269.52,0.4145,-1.81,-0.91,0.87,MACD空頭 | KD金叉
2026-03-10,286.0,287.5,279.5,282.5,16300,-2160.0,-60.0,386.0,-1834.0,12949,310,625,24,284.8,289.25,284.55,281.26,19607,20013,1.56,2.28,-0.71,35.48,32.99,48.25,299.61,284.55,269.49,0.432,-0.81,-0.72,0.83,MACD空頭 | KD金叉 | 外投同步拋售
2026-03-11,283.0,290.0,283.0,289.0,17823,5802.0,-31.0,467.0,6238.0,12493,304,254,13,286.4,289.75,285.0,281.2,16881,20055,1.65,2.15,-0.5,41.67,38.15,52.91,300.03,285.0,269.97,0.6331,0.91,1.4,1.06,MACD空頭 | KD金叉 | 法人強勢買超
2026-03-12,289.5,290.5,284.5,288.5,14203,-1755.0,351.0,-119.0,-1523.0,12484,327,126,29,286.2,288.85,285.77,281.1,15820,19943,1.66,2.05,-0.39,48.89,42.01,52.52,299.76,285.77,271.79,0.5974,0.8,0.96,0.9,MACD空頭 | KD金叉
2026-03-13,286.0,290.0,283.5,289.0,9844,-253.0,383.0,-49.0,81.0,12439,288,68,0,286.2,288.6,286.4,280.96,15232,19753,1.69,1.98,-0.29,56.11,48.89,52.9,299.74,286.4,273.06,0.5974,0.98,0.91,0.65,MACD空頭 | KD金叉
2026-03-16,290.0,292.0,287.5,289.0,14489,1150.0,-219.0,68.0,999.0,12854,275,635,0,287.6,287.4,286.95,280.82,14532,19997,1.69,1.92,-0.23,64.21,56.4,52.9,299.73,286.95,274.17,0.5802,0.49,0.71,1.0,MACD空頭 | KD金叉
2026-03-17,290.5,292.5,288.0,289.0,13889,442.0,-336.0,84.0,190.0,12683,272,168,2,288.9,286.85,287.75,280.7,14050,20126,1.67,1.87,-0.2,72.86,64.39,52.9,298.73,287.75,276.77,0.5569,0.03,0.43,0.99,MACD空頭 | KD金叉
2026-03-18,292.0,295.0,291.5,293.0,18393,4997.0,-5.0,203.0,5195.0,12473,267,167,1,289.7,288.05,288.42,280.71,14164,20132,1.96,1.89,0.07,84.4,73.82,56.35,298.92,288.42,277.93,0.718,1.14,1.59,1.3,MACD多頭 | KD超買 | 法人強勢買超
2026-03-19,290.5,292.0,286.0,286.5,10175,-2968.0,3.0,17.0,-2948.0,12600,231,283,0,289.3,287.75,288.55,280.68,13358,20021,1.64,1.84,-0.2,78.43,78.56,49.94,298.88,288.55,278.22,0.4008,-0.97,-0.71,0.76,MACD空頭 | KD死叉
2026-03-20,286.0,288.0,281.0,283.5,13088,463.0,-442.0,-11.0,10.0,12650,173,346,9,288.2,287.2,288.48,280.63,14007,19920,1.14,1.7,-0.56,60.05,74.3,47.27,298.94,288.47,278.01,0.2622,-1.63,-1.73,0.93,MACD空頭 | KD死叉
2026-03-23,278.5,282.5,275.5,280.0,15239,-866.0,6.0,-152.0,-1012.0,11502,1,150,0,286.4,287.0,288.18,280.55,14157,19870,0.45,1.45,-1.0,37.31,58.6,44.29,299.26,288.17,277.09,0.1312,-2.23,-2.84,1.08,MACD空頭 | KD死叉
2026-03-24,283.0,285.0,281.0,281.5,10220,2203.0,-157.0,-16.0,2030.0,11401,0,90,0,284.9,286.9,288.08,280.69,13423,19341,0.02,1.16,-1.14,26.55,41.3,45.87,299.37,288.08,276.78,0.209,-1.19,-2.28,0.76,MACD空頭 | KD死叉
2026-03-25,286.5,288.0,282.5,285.0,9142,706.0,-248.0,73.0,531.0,11260,0,50,0,283.3,286.5,288.12,281.02,11573,19132,-0.03,0.92,-0.96,34.19,32.68,49.45,299.35,288.12,276.9,0.3609,0.6,-1.08,0.79,MACD空頭 | KD金叉
2026-03-26,287.0,291.0,284.0,287.0,11205,4300.0,-167.0,143.0,4276.0,10946,0,102,0,283.4,286.35,287.6,281.48,11779,17283,0.09,0.76,-0.67,46.15,35.63,51.44,297.93,287.6,277.27,0.471,1.27,-0.21,0.95,MACD空頭 | KD金叉
2026-03-27,283.5,289.5,282.0,289.0,12806,306.0,67.0,42.0,415.0,11080,26,310,26,284.5,286.35,287.48,281.88,11722,16707,0.34,0.67,-0.34,58.97,46.44,53.4,297.67,287.47,277.28,0.5748,1.58,0.53,1.09,MACD空頭 | KD金叉 | 外投同步買進
2026-03-30,282.0,284.5,280.5,281.0,17247,-5285.0,172.0,49.0,-5064.0,11574,15,727,5,284.7,285.55,286.48,282.11,12124,15370,-0.11,0.52,-0.62,52.14,52.42,45.47,294.84,286.47,278.11,0.1727,-1.3,-1.91,1.42,MACD空頭 | KD死叉 | 法人強勢賣超
2026-03-31,280.0,284.5,278.0,278.5,16654,-2001.0,270.0,143.0,-1588.0,11550,39,172,27,284.1,284.5,285.68,282.34,13411,15123,-0.66,0.28,-0.94,38.54,49.88,43.3,293.87,285.68,277.48,0.062,-1.97,-2.51,1.24,MACD空頭 | KD死叉
2026-04-01,287.0,291.0,285.0,290.5,18175,4860.0,1128.0,484.0,6472.0,10860,72,167,55,285.2,284.25,286.15,282.78,15217,14459,-0.12,0.2,-0.32,47.72,46.13,54.5,294.3,286.15,278.0,0.7669,1.86,1.52,1.19,MACD空頭 | KD金叉 | 法人強勢買超 | 外投同步買進
2026-04-02,290.5,291.5,284.5,284.5,11027,-4649.0,1038.0,-30.0,-3641.0,10970,43,212,15,284.7,284.05,285.9,283.14,15182,14035,-0.18,0.13,-0.3,57.07,47.78,49.26,293.92,285.9,277.88,0.4128,-0.07,-0.49,0.73,MACD空頭 | KD金叉
2026-04-07,287.0,289.5,284.0,289.0,8886,469.0,421.0,25.0,915.0,10782,49,45,13,284.7,284.6,285.9,283.58,14398,13840,0.14,0.13,0.01,78.17,60.99,52.92,293.92,285.9,277.88,0.6932,1.51,1.08,0.62,MACD多頭 | KD金叉 | 外投同步買進
2026-04-08,295.0,307.5,293.5,307.5,52428,33611.0,219.0,1846.0,35676.0,10572,132,1128,88,290.0,287.35,287.18,284.32,21434,15562,1.86,0.47,1.39,79.24,71.49,64.31,299.53,287.18,274.82,1.3228,6.03,7.08,2.45,MACD多頭 | KD金叉 | 法人強勢買超 | 外投同步買進
2026-04-09,304.5,314.0,295.0,313.0,45879,14889.0,420.0,-116.0,15193.0,10217,432,1229,351,296.9,290.5,288.7,285.0,27279,17041,3.63,1.11,2.52,92.9,83.44,66.87,305.39,288.7,272.01,1.228,5.42,8.42,1.68,MACD多頭 | KD超買 | 法人強勢買超 | 外投同步買進
2026-04-10,315.0,327.5,312.0,321.5,37845,11030.0,1345.0,542.0,12917.0,9489,742,719,352,303.1,294.15,290.32,285.74,31213,18042,5.65,2.01,3.63,95.03,89.06,70.41,312.55,290.32,268.1,1.2014,6.07,10.74,1.21,MACD多頭 | KD超買 | RSI超買 | 法人強勢買超 | 外投同步買進
2026-04-13,320.0,320.5,313.0,319.0,16490,-239.0,250.0,-8.0,3.0,9760,730,644,36,310.0,297.35,291.85,286.42,32306,18156,6.97,3.0,3.96,89.31,92.41,68.11,317.47,291.85,266.23,1.0298,2.9,9.3,0.51,MACD多頭 | KD死叉 | KD超買
2026-04-14,321.0,329.5,321.0,323.0,20045,2849.0,-710.0,156.0,2295.0,9139,925,478,206,316.8,300.75,293.55,287.11,34537,18666,8.24,4.05,4.19,86.03,90.12,69.81,322.65,293.55,264.45,1.006,1.96,10.03,0.58,MACD多頭 | KD死叉 | KD超買
2026-04-15,324.0,325.0,307.0,308.5,33057,-8943.0,-1351.0,-468.0,-10762.0,9902,866,1400,54,317.0,303.5,294.52,287.55,30663,19594,7.99,4.84,3.15,74.68,83.34,57.77,324.28,294.52,264.77,0.7348,-2.68,4.75,1.08,MACD多頭 | KD死叉 | 法人強勢賣超 | 外投同步拋售
2026-04-16,314.5,318.5,311.0,318.5,18098,7637.0,-748.0,193.0,7082.0,9531,910,279,51,318.1,307.5,296.0,288.31,25107,19805,8.5,5.57,2.93,72.35,77.69,62.56,327.48,296.0,264.52,0.8574,0.13,7.6,0.72,MACD多頭 | KD死叉 | 法人強勢買超
2026-04-17,320.0,327.5,317.5,323.0,19570,9627.0,-1518.0,186.0,8295.0,9276,934,320,35,318.4,310.75,297.5,288.98,21452,19864,9.16,6.29,2.87,71.79,72.94,64.52,331.16,297.5,263.84,0.8788,1.44,8.57,0.91,MACD多頭 | KD死叉 | 法人強勢買超
2026-04-20,320.0,330.5,320.0,329.0,18864,6946.0,-77.0,162.0,7031.0,9128,1016,401,89,320.4,315.2,299.62,289.78,21927,20298,10.05,7.04,3.01,85.83,76.66,66.99,335.65,299.62,263.6,0.9077,2.68,9.81,0.86,MACD多頭 | KD超買 | 法人強勢買超
2026-04-21,333.0,341.0,332.0,340.0,23952,6444.0,-144.0,524.0,6824.0,9238,1059,799,70,323.8,320.3,302.45,290.8,22708,20841,11.51,7.93,3.58,93.16,83.6,70.98,341.85,302.45,263.05,0.9765,5.0,12.42,1.05,MACD多頭 | KD超買 | RSI超買 | 法人強勢買超
2026-04-22,342.0,345.0,333.5,335.0,17860,-1598.0,-712.0,125.0,-2185.0,9123,1006,463,6,329.1,323.05,305.2,291.62,19669,20972,12.13,8.77,3.35,89.15,89.38,67.01,345.67,305.2,264.73,0.8682,1.79,9.76,0.91,MACD多頭 | KD死叉 | KD超買 | 外投同步拋售
2026-04-23,337.5,339.0,317.0,322.0,26594,-2629.0,-440.0,-682.0,-3751.0,9114,959,594,11,329.8,323.95,307.23,292.27,21368,21791,11.43,9.3,2.13,70.33,84.21,57.95,346.74,307.23,267.71,0.687,-2.37,4.81,1.24,MACD多頭 | KD死叉 | 外投同步拋售
2026-04-24,325.0,326.5,318.0,323.0,17980,5908.0,-2403.0,-286.0,3219.0,9541,955,646,11,329.8,324.1,309.12,292.82,21050,22233,10.84,9.61,1.23,51.75,70.41,58.41,347.79,309.12,270.46,0.6794,-2.06,4.49,0.85,MACD多頭 | KD死叉
2026-04-27,328.0,328.5,319.5,325.5,16104,265.0,-268.0,128.0,125.0,9765,988,480,34,329.1,324.75,311.05,293.55,20498,22478,10.45,9.78,0.67,43.42,55.17,59.62,348.9,311.05,273.2,0.6909,-1.09,4.65,0.79,MACD多頭 | KD死叉
2026-04-28,328.5,330.0,317.5,321.0,15525,-5802.0,-283.0,-210.0,-6295.0,9974,1002,547,51,325.3,324.55,312.65,294.27,18813,22614,9.67,9.76,-0.09,40.07,45.08,56.45,349.26,312.65,276.04,0.614,-1.32,2.67,0.83,MACD空頭 | KD死叉 | 法人強勢賣超 | 外投同步拋售
2026-04-29,322.0,322.0,317.0,322.0,11288,1833.0,-529.0,-0.0,1304.0,9776,971,234,21,322.7,325.9,314.7,295.06,17498,22316,9.02,9.61,-0.59,31.98,38.49,56.99,348.31,314.7,281.09,0.6086,-0.22,2.32,0.65,MACD空頭 | KD死叉
2026-04-30,320.0,321.0,312.0,312.5,18888,-8158.0,-436.0,-825.0,-9419.0,,,,,320.8,325.3,316.4,295.55,15957,22428,7.66,9.22,-1.56,16.26,29.44,50.5,345.43,316.4,287.37,0.4328,-2.59,-1.23,1.18,MACD空頭 | KD超賣 | 法人強勢賣超 | 外投同步拋售
